{
    "baubles ring": "baubles",
	"baubles gold ring": "baubles_gold",
	"cross x": "cross",
	"green check mark": "green_check",
	"white check mark": "white_check",
	"question mark help": "question",
	"settings cog config": "settings",
	"accessory ring": "accessory",
	"accessory ring gold": "accessory_gold",
	"armor chestplate": "armor",
	"armor gold chestplate": "armor_gold",
	"pet cat": "pet",
	"pet cat gold": "pet_gold",
	"skyblock menu": "skyblock_menu",
	"recipe book": "recipe",
	"search glass": "search"
}